student_id,name,department,level,email
SCI21BCT005,Aliyu Musa,Computer Science,100,aliyumusa@gmail.com
SCI21BCT006,Hauwa Bello,Information Tech,200,hauwabello@gmail.com
SCI21BCT007,Garba Musa,Computer Science,100,garbamusa@gmail.com
SCI21BCT008,Yakubu Bello,Information Tech,200,Yakububello@gmail.com
SCI21BCT009,Halima Umar,Computer Science,100,halimaumar@gmail.com
SCI21BCT010,Hajara Adamu,Information Tech,200,hajaraadamu@gmail.com
SCI21BCT011,Samir Musa,Computer Science,100,asamirmusa@gmail.com
SCI21BCT012,Haruna Garba,Information Tech,200,harunagarba@gmail.com
